{
  "tokens_generated": 1405,
  "total_time_s": 41.18567180633545,
  "tokens_per_s": 34.1138055634162
}